"Dwarf Shrub","Forb","Graminoid","Lichen","Moss","Shrub","Tree","Unknown","class.error"
12,0,0,0,6,15,0,0,0.636363636363636
1,29,0,9,3,6,0,0,0.395833333333333
0,0,20,2,1,2,0,0,0.2
0,2,0,269,4,4,0,0,0.03584229390681
1,1,0,11,58,5,0,0,0.236842105263158
6,4,0,7,5,142,0,0,0.134146341463415
0,0,0,0,2,6,7,0,0.533333333333333
0,0,0,2,0,0,0,2,0.5
