"Dwarf Shrub","Forb","Graminoid","Lichen","Moss","Shrub","Tree","Unknown","class.error"
12,1,0,1,6,18,0,0,0.684210526315789
1,32,2,8,2,9,0,0,0.407407407407407
1,1,15,2,1,3,0,0,0.347826086956522
1,2,0,274,4,4,0,0,0.0385964912280702
3,0,0,10,56,7,0,0,0.263157894736842
10,10,0,6,3,125,0,0,0.188311688311688
0,1,0,0,1,8,0,0,1
0,0,0,3,0,0,0,1,0.75
