"Dwarf Shrub","Forb","Graminoid","Lichen","Moss","Shrub","Tree","Unknown","class.error"
17,1,1,0,4,19,0,0,0.595238095238095
2,28,1,10,4,8,0,1,0.481481481481482
2,1,17,3,0,2,0,0,0.32
0,0,0,271,12,0,0,0,0.0424028268551236
2,3,1,11,47,5,0,0,0.318840579710145
10,7,1,8,3,124,0,0,0.189542483660131
0,0,0,0,1,6,7,0,0.5
0,0,0,2,0,0,0,2,0.5
