"Dwarf Shrub","Forb","Graminoid","Lichen","Moss","Shrub","Tree","Unknown","class.error"
18,0,0,0,4,19,0,0,0.560975609756098
3,31,0,12,2,7,1,0,0.446428571428571
0,3,13,5,0,1,0,0,0.409090909090909
0,6,1,268,5,4,0,1,0.0596491228070175
3,0,0,8,55,2,0,0,0.191176470588235
8,3,0,6,2,136,1,0,0.128205128205128
0,0,0,1,2,6,4,0,0.692307692307692
0,0,0,2,0,0,0,1,0.666666666666667
