"Dwarf Shrub","Forb","Graminoid","Lichen","Moss","Shrub","Tree","Unknown","class.error"
14,0,0,1,7,16,0,0,0.631578947368421
1,31,0,7,4,13,0,0,0.446428571428571
1,1,9,4,2,4,0,0,0.571428571428571
1,1,0,288,1,2,0,0,0.0170648464163823
3,1,0,13,44,4,0,0,0.323076923076923
8,11,0,6,1,126,0,0,0.171052631578947
0,0,0,0,2,6,6,0,0.571428571428571
0,0,0,3,0,0,0,2,0.6
