source,outliers,preprocessing,weight,n,oob,accuracy,r2,rpd,seed,model_id
0.96,PLS,Nothing,balanced,6,,0.566666666666667,0.048519423871675,1.77464591295085,61718,847e19f6-1044-4fcf-b40d-b9798b9666ac
0.96,PLS,center + scale,balanced,6,,0.566666666666667,0.048519423871675,1.77464591295085,61718,b09c9426-a8bd-4ff0-a599-e3f3e0a458a7
