source,outliers,preprocessing,weight,n,oob,accuracy,r2,rpd,seed,model_id
v2,Random Forest,Nothing,0.25,2,0.232686980609418,0.75,0.229285993216854,1.13870180969148,61718,8adaff9c-592a-46df-92e7-f3a37ace3642
v2,Random Forest,Nothing,0.5,2,0.232686980609418,0.75,0.229285993216854,1.13870180969148,61718,07a31132-bda4-474d-b3c2-a5e37201dfe8
v2,Random Forest,Nothing,0.75,2,0.232686980609418,0.75,0.229285993216854,1.13870180969148,61718,8abd6ae3-211a-4365-9829-e2b7b0fed259
v2,Random Forest,Nothing,1,2,0.232686980609418,0.75,0.229285993216854,1.13870180969148,61718,9696037d-2262-4dbf-96b4-b809e29467a3
v2,Random Forest,Nothing,0.25,8,0.234188034188034,0.8,0.222566157310076,1.18684487729974,61718,6e8a369a-f475-48bf-bc6d-f2d9d432635a
