maxCount,bandwidth,maxCorrelation,preprocessing,weight,hyperparam1,hyperparam2,accuracy,r2,rpd,seed,model_id
125,5,0.99,Nothing,balanced,4,,0.81875,0.336464189722675,1.16092339119867,61718,9a82373e-e5c7-4468-aea0-235208917d30
125,5,0.99,Nothing,balanced,8,,0.8625,0.310165188670252,1.20484085684619,61718,b9e62436-5b2a-461b-9d57-637477677532
125,5,0.99,Nothing,balanced,16,,0.85625,0.357072979623969,1.25446438519252,61718,4576adfa-3832-49bc-afb5-4d1589d1ab34
