maxCount,bandwidth,maxCorrelation,preprocessing,weight,hyperparam1,hyperparam2,accuracy,r2,rpd,seed,model_id
125,5,0.99,Nothing,balanced,4,,0.83125,0.375056416357521,1.13098894729455,61718,fc99a380-09da-4592-92cd-ab9427478006
125,5,0.99,Nothing,balanced,8,,0.8375,0.340917474011323,1.17875372584768,61718,d89194c5-81a7-492b-8bbf-bdd7e95fe416
125,5,0.99,Nothing,balanced,16,,0.83125,0.301892110943557,1.29066170587836,61718,f65a7873-24b9-4f18-9d09-895bb7cfdba1
