source,outliers,preprocessing,weight,n,oob,accuracy,r2,rpd,model_id
img_raw_raw.csv,no_treatment,no_treatment,balanced,1,0.152917505030181,0.9,0.50954966116895,1.0418258583017,3843d17f-557e-4843-8449-58dbd000f47e
img_raw_raw.csv,no_treatment,no_treatment,balanced,2,0.190821256038647,0.9,0.558027721806531,0.925351723149555,3012f5ed-7d17-4e94-a454-24d8a65f5b4f
img_raw_raw.csv,no_treatment,no_treatment,balanced,3,0.169260700389105,0.958333333333333,0.432373839454555,0.986604077753021,68a865d0-f38c-433a-a157-ada96cd6451c
img_raw_raw.csv,no_treatment,no_treatment,balanced,4,0.152512998266898,0.975,0.421404148565726,1.08584854848252,b69615b9-5a35-4ae8-b8fb-50cb281c05a7
img_raw_raw.csv,no_treatment,no_treatment,balanced,5,0.140080971659919,0.983333333333333,0.38791531184974,1.11522690954482,5250ef3d-c149-4575-bb06-6386997c0b56
img_raw_raw.csv,no_treatment,no_treatment,balanced,6,0.130804953560372,0.983333333333333,0.366119009156289,1.11140876897234,fa264331-bbd3-4bce-ad8e-378eedd81d9e
img_raw_raw.csv,no_treatment,no_treatment,balanced,7,0.128205128205128,0.983333333333333,0.334885934683419,1.13152789928928,1fffbffa-67a0-4e74-bebc-29f8c58c5b17
img_raw_raw.csv,no_treatment,no_treatment,balanced,8,0.123695976154993,0.991666666666667,0.349700687104523,1.12660440387297,76fcb64c-c30e-42b3-9db5-5c4704e89504
