source,outliers,preprocessing,weight,n,oob,accuracy,r2,chi2prob,model_id
img_raw_raw.csv,no_treatment,no_treatment,balanced,6,0.0295073768442111,1,0.0617155025886424,1.29750305497471e-315,056bdd92-4851-45c4-bbf3-cc6078ff9397
img_raw_raw.csv,no_treatment,no_treatment,balanced,8,0.0287342085707208,1,0.046151476559438,1.06946704114433e-217,2cda61f7-f3ff-4cb3-b3c1-2422940262a4
