source,outliers,preprocessing,weight,n,oob,accuracy,r2,rpd,model_id
corrected_and_img.csv,no_treatment,no_treatment,no_treatment,1,0.276829268292683,0.858333333333333,0.285237035908604,1.25947200027302,37c74487-57bd-4bdc-96b7-9b88ebeb3a5b
corrected_and_img.csv,no_treatment,no_treatment,no_treatment,1,0.275609756097561,0.925,0.327050398439279,1.26506751206212,33133a05-8519-43b9-b970-5498e93770c5
corrected_and_img.csv,no_treatment,no_treatment,no_treatment,1,0.275609756097561,0.925,0.327050398439279,1.26506751206212,d21abf44-6794-4425-a098-1ce2f91029e0
corrected_and_img.csv,no_treatment,no_treatment,no_treatment,2,0.255048616305161,0.883333333333333,0.292002238632615,1.26102035676025,0a623fd4-65fb-4d5b-aa98-50410c352ac2
corrected_and_img.csv,no_treatment,no_treatment,no_treatment,2,0.256544502617801,0.891666666666667,0.333564954090222,1.26081785785694,8793af06-f287-488d-8444-bb2a73e9fed1
corrected_and_img.csv,no_treatment,no_treatment,no_treatment,2,0.258040388930441,0.891666666666667,0.333564954090222,1.26081785785694,627c65b1-5d7f-4334-95ac-c25ba6a8a50f
corrected_and_img.csv,no_treatment,no_treatment,no_treatment,8,0.241768155164637,0.916666666666667,0.289730984577276,1.26867881030084,0f9f66b0-4080-46a9-8d17-6edf75ef12a1
corrected_and_img.csv,no_treatment,no_treatment,no_treatment,8,0.21425349571493,0.958333333333333,0.326397940819988,1.26510544762924,0dba7542-a4fc-43c0-9a86-1eb979d14b7f
corrected_and_img.csv,no_treatment,no_treatment,no_treatment,8,0.214704555705909,0.958333333333333,0.327036923618788,1.26479895884824,3f0031d2-e565-4cc8-be52-5f63dd275053
