"","key","predicted_counts","prediction_prop","validation_counts","validation_prop"
"1","Abiotic",0,0,0,0
"2","Forb",11,0.0258823529411765,0,0
"3","Graminoid",182,0.428235294117647,0,0
"4","Lichen",3,0.00705882352941176,106.25,0.25
"5","Moss",29,0.0682352941176471,21.25,0.05
"6","ShrubDecid",7,0.0164705882352941,212.5,0.5
"7","ShrubEvergreen",192,0.451764705882353,85,0.2
"8","TreeBroadleaf",0,0,0,0
"9","TreeConifer",1,0.00235294117647059,0,0
"10","Unknown",0,0,0,0
