"","key","predicted_counts","prediction_prop","validation_counts","validation_prop"
"1","Abiotic",0,0,21.25,0.05
"2","Forb",11,0.0258823529411765,0,0
"3","Graminoid",181,0.425882352941176,8.5,0.02
"4","Lichen",3,0.00705882352941176,12.75,0.03
"5","Moss",29,0.0682352941176471,0,0
"6","ShrubDecid",7,0.0164705882352941,233.75,0.55
"7","ShrubEvergreen",193,0.454117647058824,148.75,0.35
"8","TreeBroadleaf",0,0,0,0
"9","TreeConifer",1,0.00235294117647059,0,0
"10","Unknown",0,0,0,0
