"Category","smooth_050nm_more05","smooth_050nm_more10","smooth_050nm_more15","smooth_050nm_more20","smooth_050nm_equal05","smooth_050nm_equal10","smooth_050nm_equal15","smooth_050nm_equal20"
"050nm_bands",0.252625760088447,0.228486646884273,0.181431608788094,0.127426160337553,0.405970149253731,0.266666666666667,0.242666666666667,0.208333333333333
