"Smooth","Category"
0.250414593698176,"010nm_more05"
0.229673590504451,"010nm_more10"
0.177179305457123,"010nm_more15"
0.126582278481013,"010nm_more20"
0.441791044776119,"010nm_equal05"
0.25625,"010nm_equal10"
0.224,"010nm_equal15"
0.175,"010nm_equal20"
