"Category","smooth_100nm_more05","smooth_100nm_more10","smooth_100nm_more15","smooth_100nm_more20","smooth_100nm_equal05","smooth_100nm_equal10","smooth_100nm_equal15","smooth_100nm_equal20"
"100nm_bands",0.262023217247098,0.23026706231454,0.187101346562721,0.133333333333333,0.402985074626866,0.297916666666667,0.232,0.204166666666667
