"Category","smooth_005nm_more05","smooth_005nm_more10","smooth_005nm_more15","smooth_005nm_more20","smooth_005nm_equal05","smooth_005nm_equal10","smooth_005nm_equal15","smooth_005nm_equal20"
"005nm_bands",0.252072968490879,0.230860534124629,0.179305457122608,0.131645569620253,0.426865671641791,0.291666666666667,0.242666666666667,0.179166666666667
