"Species","smooth_100nm_more20"
"Alnus sp.",0.136363636363636
"Dryas alleghenies",0.158088235294118
"Dryas octopetala",0.0522875816993464
"Evernia mesomorpha",0.25
"Rosa acicularis",0.111111111111111
"Salix alaxensis",0.106382978723404
"Vaccinium vitis-idea",0.285714285714286
