"","key","predicted_counts","prediction_prop","validation_counts","validation_prop"
"1","Abiotic",69,0.0989956958393113,313.65,0.45
"2","Forb",11,0.0157819225251076,34.85,0.05
"3","Graminoid",0,0,6.97,0.01
"4","Lichen",556,0.797704447632712,55.76,0.08
"5","Moss",43,0.0616929698708752,0,0
"6","ShrubDecid",0,0,111.52,0.16
"7","ShrubEvergreen",4,0.00573888091822095,174.25,0.25
"8","TreeBroadleaf",0,0,0,0
"9","TreeConifer",14,0.0200860832137733,0,0
"10","Unknown",0,0,0,0
