"","key","predicted_counts","prediction_prop","validation_counts","validation_prop"
"1","Abiotic",0,0,30.6,0.05
"2","Forb",36,0.0588235294117647,30.6,0.05
"3","Graminoid",220,0.359477124183007,0,0
"4","Lichen",1,0.00163398692810458,30.6,0.05
"5","Moss",16,0.0261437908496732,30.6,0.05
"6","ShrubDecid",152,0.248366013071895,367.2,0.6
"7","ShrubEvergreen",183,0.299019607843137,61.2,0.1
"8","TreeBroadleaf",0,0,0,0
"9","TreeConifer",4,0.0065359477124183,61.2,0.1
"10","Unknown",0,0,0,0
