{"X402.593_5nm":{"75%":0.107803225736128},"X407.593_5nm":{"75%":0.10149277970017},"X412.593_5nm":{"75%":0.0954028434029466},"X417.593_5nm":{"75%":0.092406025664344},"X422.593_5nm":{"75%":0.0907368087129702},"X427.593_5nm":{"75%":0.0906890556782311},"X432.593_5nm":{"75%":0.0911418042619067},"X437.593_5nm":{"75%":0.0921137082865607},"X442.593_5nm":{"75%":0.0941221882534735},"X447.593_5nm":{"75%":0.0972742015412607},"X452.593_5nm":{"75%":0.101588883672271},"X457.593_5nm":{"75%":0.104918514538842},"X462.593_5nm":{"75%":0.107449531373267},"X467.593_5nm":{"75%":0.110298148147566},"X472.593_5nm":{"75%":0.112814334654229},"X477.593_5nm":{"75%":0.116032630475208},"X482.593_5nm":{"75%":0.119637031160733},"X487.593_5nm":{"75%":0.125075412721787},"X492.593_5nm":{"75%":0.129996379593716},"X497.593_5nm":{"75%":0.135656099261796},"X502.593_5nm":{"75%":0.142188653559702},"X507.593_5nm":{"75%":0.150287133774993},"X512.593_5nm":{"75%":0.159973276828378},"X517.593_5nm":{"75%":0.169223899890688},"X522.593_5nm":{"75%":0.179503980749618},"X527.593_5nm":{"75%":0.192593945916869},"X532.593_5nm":{"75%":0.207385096912872},"X537.593_5nm":{"75%":0.217837535824794},"X542.593_5nm":{"75%":0.227624173075369},"X547.593_5nm":{"75%":0.23515827572155},"X552.593_5nm":{"75%":0.241494047455697},"X557.593_5nm":{"75%":0.244760758296317},"X562.593_5nm":{"75%":0.244776624485604},"X567.593_5nm":{"75%":0.245231929074112},"X572.593_5nm":{"75%":0.241677302006809},"X577.593_5nm":{"75%":0.238509637651757},"X582.593_5nm":{"75%":0.234159672340432},"X587.593_5nm":{"75%":0.228799337486068},"X592.593_5nm":{"75%":0.222972699128187},"X597.593_5nm":{"75%":0.218032940467897},"X602.593_5nm":{"75%":0.213561516926891},"X607.593_5nm":{"75%":0.209289084274737},"X612.593_5nm":{"75%":0.204438634511554},"X617.593_5nm":{"75%":0.200104624259773},"X622.593_5nm":{"75%":0.197068674705008},"X627.593_5nm":{"75%":0.19367692530748},"X632.593_5nm":{"75%":0.188855702854824},"X637.593_5nm":{"75%":0.183921837177244},"X642.593_5nm":{"75%":0.18020691673295},"X647.593_5nm":{"75%":0.179945424623616},"X652.593_5nm":{"75%":0.178154509838394},"X657.593_5nm":{"75%":0.180524093565027},"X662.593_5nm":{"75%":0.185580344017253},"X667.593_5nm":{"75%":0.194390037400881},"X672.593_5nm":{"75%":0.207060870927737},"X677.593_5nm":{"75%":0.220469829061543},"X682.593_5nm":{"75%":0.238504810312933},"X687.593_5nm":{"75%":0.261236116290305},"X692.593_5nm":{"75%":0.285528626793252},"X697.593_5nm":{"75%":0.317956059982509},"X702.593_5nm":{"75%":0.353574098319114},"X707.593_5nm":{"75%":0.362050350800381},"X712.593_5nm":{"75%":0.349291187692273},"X717.593_5nm":{"75%":0.349680789112071},"X722.593_5nm":{"75%":0.358746283789444},"X727.593_5nm":{"75%":0.388806029025796},"X732.593_5nm":{"75%":0.443128194076638},"X737.593_5nm":{"75%":0.50041074787397},"X742.593_5nm":{"75%":0.555857795993908},"X747.593_5nm":{"75%":0.600896941611413},"X752.593_5nm":{"75%":0.63551107776876},"X757.593_5nm":{"75%":0.66220827374074},"X762.593_5nm":{"75%":0.68324318066717},"X767.593_5nm":{"75%":0.705536359679529},"X772.593_5nm":{"75%":0.717158853345611},"X777.593_5nm":{"75%":0.728825591759838},"X782.593_5nm":{"75%":0.739505741175361},"X787.593_5nm":{"75%":0.743038031311041},"X792.593_5nm":{"75%":0.741667753875608},"X797.593_5nm":{"75%":0.742071062363647},"X802.593_5nm":{"75%":0.741162231697992},"X807.593_5nm":{"75%":0.738228508255298},"X812.593_5nm":{"75%":0.732021146897143},"X817.593_5nm":{"75%":0.731285027418538},"X822.593_5nm":{"75%":0.737775161639403},"X827.593_5nm":{"75%":0.737847760731216},"X832.593_5nm":{"75%":0.740401869122462},"X837.593_5nm":{"75%":0.742859635502025},"X842.593_5nm":{"75%":0.741960422146736},"X847.593_5nm":{"75%":0.739052942482683},"X852.593_5nm":{"75%":0.734816340447457},"X857.593_5nm":{"75%":0.736283568615505},"X862.593_5nm":{"75%":0.743902365795662},"X867.593_5nm":{"75%":0.739302916143078},"X872.593_5nm":{"75%":0.737908418784878},"X877.593_5nm":{"75%":0.739015772595962},"X882.593_5nm":{"75%":0.731866168495255},"X887.593_5nm":{"75%":0.728480363563023},"X892.593_5nm":{"75%":0.735029168442152},"X897.593_5nm":{"75%":0.735072020112029},"X902.593_5nm":{"75%":0.734505409771719},"X907.593_5nm":{"75%":0.722917524334484},"X912.593_5nm":{"75%":0.69631739305662},"X917.593_5nm":{"75%":0.682730908284594},"X922.593_5nm":{"75%":0.680629165819519},"X927.593_5nm":{"75%":0.669982547987015},"X932.593_5nm":{"75%":0.64543828005383},"X937.593_5nm":{"75%":0.652130717793048},"X942.593_5nm":{"75%":0.666787953081188},"X947.593_5nm":{"75%":0.637427666698119},"X952.593_5nm":{"75%":0.607430256261872},"X957.593_5nm":{"75%":0.598848279793632},"X962.593_5nm":{"75%":0.595398697512067},"X967.593_5nm":{"75%":0.63062685707203},"X972.593_5nm":{"75%":0.68854975146472},"X977.593_5nm":{"75%":0.708519095577325},"X982.593_5nm":{"75%":0.684994135521857},"X987.593_5nm":{"75%":0.653235637102008},"X992.593_5nm":{"75%":0.65306699938071},"Boochs":{"75%":0.00928449561217158},"Boochs2":{"75%":0.0125204565798701},"CARI":{"75%":0.722510454924903},"Carter":{"75%":5.71937297298213},"Carter2":{"75%":0.852080907021645},"Carter3":{"75%":0.558360866420467},"Carter4":{"75%":0.98368314708452},"Carter5":{"75%":2.77928092782529},"Carter6":{"75%":0.239084352252037},"CI":{"75%":1.12366153846154},"CI2":{"75%":5.16525180463546},"ClAInt":{"75%":36.7752861641895},"CRI1":{"75%":9.46237872194513},"CRI2":{"75%":15.816755529316},"CRI3":{"75%":23.3311248542654},"CRI4":{"75%":25.0951637928364},"D1":{"75%":1.66696605472217},"D2":{"75%":1.32439302579416},"Datt":{"75%":0.922447689039367},"Datt2":{"75%":4.3489489627704},"Datt3":{"75%":1.33942273546494},"Datt4":{"75%":8.22793608677788},"Datt5":{"75%":1.94461565644348},"Datt6":{"75%":68.2815744321408},"DD":{"75%":0.209457715588831},"DDn":{"75%":-0.151500808141984},"DPI":{"75%":1.10667602325637},"DWSI4":{"75%":2.90327567282584},"EGFN":{"75%":0.943372128263996},"EGFR":{"75%":9.8923149157435},"EVI":{"75%":2.57813761957548},"GDVI2":{"75%":1.23519245331899},"GDVI3":{"75%":1.10727065916201},"GDVI4":{"75%":1.04049116605189},"GI":{"75%":3.11802901697172},"Gitelson":{"75%":16.467875698576},"Gitelson2":{"75%":0.409807099454182},"GMI1":{"75%":6.31099200076549},"GMI2":{"75%":5.67508870045632},"GreenNDVI":{"75%":0.888239619168808},"Maccioni":{"75%":0.867854826854922},"MCARI":{"75%":0.27923957485912},"MCARIOSAVI":{"75%":0.405180077886966},"MCARI2":{"75%":1.178876584793},"MCARI2OSAVI2":{"75%":2.41201759574367},"mND705":{"75%":0.933058640060291},"mNDVI":{"75%":1.36965242447736},"MPRI":{"75%":-0.353745602710766},"MSAVI":{"75%":1.08819388028732},"mSR":{"75%":50.2954592674816},"mSR2":{"75%":4.0985750232255},"mSR705":{"75%":6.04130612696825},"MTCI":{"75%":3.81107315811282},"MTVI":{"75%":1.22047087359275},"NDVI":{"75%":1.19146175157448},"NDVI2":{"75%":0.806196139865069},"NDVI3":{"75%":0.570895218604603},"NPCI":{"75%":0.702960363118569},"OSAVI":{"75%":1.09696577459952},"OSAVI2":{"75%":0.742117834092652},"PARS":{"75%":9.71022283283315},"PRI":{"75%":0.0181575817822396},"PRICI2":{"75%":0.153380246706545},"PRInorm":{"75%":0.307211176678514},"PSND":{"75%":1.03818411554138},"PSRI":{"75%":0.362710164072427},"PSSR":{"75%":13.4479531852648},"RDVI":{"75%":0.924437329792606},"REPLE":{"75%":727.786288657547},"REPLi":{"75%":731.633192332529},"SAVI":{"75%":0.986135268135467},"SIPI":{"75%":1.68198501192769},"SPVI":{"75%":1.02202245280228},"SR":{"75%":14.7717214141087},"SR1":{"75%":5.67508870045632},"SR2":{"75%":9.26430181093124},"SR3":{"75%":6.31099200076549},"SR4":{"75%":3.35039256729178},"SR5":{"75%":1.01156393868638},"SR6":{"75%":3.58656062915899},"SR7":{"75%":0.893587954523351},"SR8":{"75%":1.08300981928206},"SRPI":{"75%":1.05176991240926},"SumDr1":{"75%":0.790110416492519},"SumDr2":{"75%":0.7192698870118},"TCARI":{"75%":0.297379021739868},"TCARIOSAVI":{"75%":0.40910427179978},"TCARI2":{"75%":0.443474314848006},"TCARI2OSAVI2":{"75%":1.16526492847783},"TGI":{"75%":9.25568287532829},"TVI":{"75%":42.4644850895285},"Vogelmann":{"75%":1.976706594296},"Vogelmann2":{"75%":0.0743516790440342},