{"X402.593_5nm":{"75%":0.0613939484054967},"X407.593_5nm":{"75%":0.0588786465647435},"X412.593_5nm":{"75%":0.0573383233529794},"X417.593_5nm":{"75%":0.0568589684279176},"X422.593_5nm":{"75%":0.0571262310635087},"X427.593_5nm":{"75%":0.0579046861452759},"X432.593_5nm":{"75%":0.0591008747342362},"X437.593_5nm":{"75%":0.0612100389649646},"X442.593_5nm":{"75%":0.0626225554972155},"X447.593_5nm":{"75%":0.0635195210335422},"X452.593_5nm":{"75%":0.0642987223472393},"X457.593_5nm":{"75%":0.0649419537978693},"X462.593_5nm":{"75%":0.0651367810570955},"X467.593_5nm":{"75%":0.0651864411845364},"X472.593_5nm":{"75%":0.0654543945603235},"X477.593_5nm":{"75%":0.0659275688440892},"X482.593_5nm":{"75%":0.0665598786475736},"X487.593_5nm":{"75%":0.0678378115358727},"X492.593_5nm":{"75%":0.070031370755216},"X497.593_5nm":{"75%":0.0725385809957363},"X502.593_5nm":{"75%":0.0766864645128665},"X507.593_5nm":{"75%":0.0811826555051798},"X512.593_5nm":{"75%":0.0865972919798589},"X517.593_5nm":{"75%":0.0939345519149027},"X522.593_5nm":{"75%":0.10236384008329},"X527.593_5nm":{"75%":0.111592448341184},"X532.593_5nm":{"75%":0.119434247306433},"X537.593_5nm":{"75%":0.126753242061583},"X542.593_5nm":{"75%":0.132393253347328},"X547.593_5nm":{"75%":0.136193359975632},"X552.593_5nm":{"75%":0.139149678052647},"X557.593_5nm":{"75%":0.140650846211576},"X562.593_5nm":{"75%":0.14025548668544},"X567.593_5nm":{"75%":0.137440884385922},"X572.593_5nm":{"75%":0.133722993151848},"X577.593_5nm":{"75%":0.130289381924698},"X582.593_5nm":{"75%":0.127485418812047},"X587.593_5nm":{"75%":0.124747984234402},"X592.593_5nm":{"75%":0.122162448271968},"X597.593_5nm":{"75%":0.11998106631976},"X602.593_5nm":{"75%":0.119012878409321},"X607.593_5nm":{"75%":0.116950150232267},"X612.593_5nm":{"75%":0.114830086145742},"X617.593_5nm":{"75%":0.113680941369793},"X622.593_5nm":{"75%":0.111731132723243},"X627.593_5nm":{"75%":0.110329158046654},"X632.593_5nm":{"75%":0.109583531537236},"X637.593_5nm":{"75%":0.107489485498891},"X642.593_5nm":{"75%":0.104912015203471},"X647.593_5nm":{"75%":0.10233752070594},"X652.593_5nm":{"75%":0.0987352692174554},"X657.593_5nm":{"75%":0.0953246741397518},"X662.593_5nm":{"75%":0.092382303047588},"X667.593_5nm":{"75%":0.0907193270415226},"X672.593_5nm":{"75%":0.0938811811093133},"X677.593_5nm":{"75%":0.0997458928199079},"X682.593_5nm":{"75%":0.113058114561485},"X687.593_5nm":{"75%":0.128296045088379},"X692.593_5nm":{"75%":0.148154908224926},"X697.593_5nm":{"75%":0.172320254338883},"X702.593_5nm":{"75%":0.198821805564197},"X707.593_5nm":{"75%":0.227030080422671},"X712.593_5nm":{"75%":0.258002905471618},"X717.593_5nm":{"75%":0.295160424544716},"X722.593_5nm":{"75%":0.314798133684682},"X727.593_5nm":{"75%":0.332652341092039},"X732.593_5nm":{"75%":0.356783235062803},"X737.593_5nm":{"75%":0.386026335896721},"X742.593_5nm":{"75%":0.422301317384227},"X747.593_5nm":{"75%":0.450425392393076},"X752.593_5nm":{"75%":0.474109130580507},"X757.593_5nm":{"75%":0.48966058746465},"X762.593_5nm":{"75%":0.498387228320432},"X767.593_5nm":{"75%":0.505025443175943},"X772.593_5nm":{"75%":0.509608000748478},"X777.593_5nm":{"75%":0.512774457887572},"X782.593_5nm":{"75%":0.51592885505854},"X787.593_5nm":{"75%":0.519388391413029},"X792.593_5nm":{"75%":0.517438103479207},"X797.593_5nm":{"75%":0.516530087629807},"X802.593_5nm":{"75%":0.516694714632857},"X807.593_5nm":{"75%":0.515028944811901},"X812.593_5nm":{"75%":0.512736823742392},"X817.593_5nm":{"75%":0.507201301532612},"X822.593_5nm":{"75%":0.504626391839802},"X827.593_5nm":{"75%":0.502860850586326},"X832.593_5nm":{"75%":0.501882848898031},"X837.593_5nm":{"75%":0.50579119669056},"X842.593_5nm":{"75%":0.504132323385161},"X847.593_5nm":{"75%":0.507903182486008},"X852.593_5nm":{"75%":0.511801580071116},"X857.593_5nm":{"75%":0.514725593721446},"X862.593_5nm":{"75%":0.51833908105824},"X867.593_5nm":{"75%":0.524019490740949},"X872.593_5nm":{"75%":0.520008964538849},"X877.593_5nm":{"75%":0.518910393235171},"X882.593_5nm":{"75%":0.510853760989491},"X887.593_5nm":{"75%":0.508549630572709},"X892.593_5nm":{"75%":0.506506921676899},"X897.593_5nm":{"75%":0.502615852611336},"X902.593_5nm":{"75%":0.492557457012109},"X907.593_5nm":{"75%":0.489016433456042},"X912.593_5nm":{"75%":0.487815270228488},"X917.593_5nm":{"75%":0.479836584905563},"X922.593_5nm":{"75%":0.47704942523488},"X927.593_5nm":{"75%":0.467412559421246},"X932.593_5nm":{"75%":0.436740769099205},"X937.593_5nm":{"75%":0.425908780586592},"X942.593_5nm":{"75%":0.423709487323422},"X947.593_5nm":{"75%":0.413465432740943},"X952.593_5nm":{"75%":0.403603782179019},"X957.593_5nm":{"75%":0.391699689605412},"X962.593_5nm":{"75%":0.391510251257051},"X967.593_5nm":{"75%":0.389763268058768},"X972.593_5nm":{"75%":0.396237861635414},"X977.593_5nm":{"75%":0.402566085621479},"X982.593_5nm":{"75%":0.401392966322586},"X987.593_5nm":{"75%":0.410739746423254},"X992.593_5nm":{"75%":0.408273898637273},"Boochs":{"75%":0.00740009535724049},"Boochs2":{"75%":0.0095180404934299},"CARI":{"75%":0.58343712161787},"Carter":{"75%":3.85553839960812},"Carter2":{"75%":0.607089898098063},"Carter3":{"75%":0.470455044333647},"Carter4":{"75%":0.847055768145626},"Carter5":{"75%":2.72615837278649},"Carter6":{"75%":0.138027424149908},"CI":{"75%":1.25607755407051},"CI2":{"75%":6.00415801477162},"ClAInt":{"75%":20.847232550561},"CRI1":{"75%":13.7299753467095},"CRI2":{"75%":19.4315951840512},"CRI3":{"75%":33.0749371071207},"CRI4":{"75%":34.6897262227318},"D1":{"75%":2.00293019505847},"D2":{"75%":1.49289940379849},"Datt":{"75%":0.93685268828222},"Datt2":{"75%":4.73627140089853},"Datt3":{"75%":1.28762822172535},"Datt4":{"75%":10.476689655016},"Datt5":{"75%":1.32743543640009},"Datt6":{"75%":97.5356422003976},"DD":{"75%":0.193585938769342},"DDn":{"75%":-0.138530696064213},"DPI":{"75%":1.19872361702649},"DWSI4":{"75%":2.98851744075647},"EGFN":{"75%":1.00258653130336},"EGFR":{"75%":11.9584547659029},"EVI":{"75%":1.44117805249186},"GDVI2":{"75%":1.10515048880954},"GDVI3":{"75%":1.0348739979464},"GDVI4":{"75%":1.00939071868336},"GI":{"75%":3.09342366989188},"Gitelson":{"75%":22.8712280996587},"Gitelson2":{"75%":0.18482550477081},"GMI1":{"75%":7.17940280562126},"GMI2":{"75%":6.45068683830123},"GreenNDVI":{"75%":0.938387519316562},"Maccioni":{"75%":0.937283320258187},"MCARI":{"75%":0.214022282839924},"MCARIOSAVI":{"75%":0.322181600255726},"MCARI2":{"75%":1.03383085516329},"MCARI2OSAVI2":{"75%":2.07107059271536},"mND705":{"75%":0.945377380113174},"mNDVI":{"75%":1.24285891109255},"MPRI":{"75%":-0.432862865090148},"MSAVI":{"75%":0.893642060657862},"mSR":{"75%":94.0969452085347},"mSR2":{"75%":4.67251299101145},"mSR705":{"75%":7.15997111161333},"MTCI":{"75%":4.74203772582707},"MTVI":{"75%":0.860933742984838},"NDVI":{"75%":1.08738112082928},"NDVI2":{"75%":0.814457567781802},"NDVI3":{"75%":0.382213591113193},"NPCI":{"75%":0.740033729871863},"OSAVI":{"75%":0.949439502762249},"OSAVI2":{"75%":0.682725557797667},"PARS":{"75%":10.596517182489},"PRI":{"75%":0.0114348384618138},"PRICI2":{"75%":0.0810353320226392},"PRInorm":{"75%":0.25991641647377},"PSND":{"75%":0.98233978064095},"PSRI":{"75%":0.194038139046221},"PSSR":{"75%":13.4388542731074},"RDVI":{"75%":0.751019486344493},"REPLE":{"75%":732.887115328399},"REPLi":{"75%":733.330002450941},"SAVI":{"75%":0.818590365809633},"SIPI":{"75%":1.3401460816618},"SPVI":{"75%":0.729436004067954},"SR":{"75%":16.5011068937586},"SR1":{"75%":6.45068683830123},"SR2":{"75%":10.7836327459358},"SR3":{"75%":7.17940280562126},"SR4":{"75%":3.39796287876416},"SR5":{"75%":0.837767316019264},"SR6":{"75%":3.94903279588955},"SR7":{"75%":0.912154759798132},"SR8":{"75%":0.990834449163114},"SRPI":{"75%":1.26562017037709},"SumDr1":{"75%":0.581363870219482},"SumDr2":{"75%":0.520244983790128},"TCARI":{"75%":0.215531852690291},"TCARIOSAVI":{"75%":0.323765397477041},"TCARI2":{"75%":0.305192980313847},"TCARI2OSAVI2":{"75%":0.872171610112445},"TGI":{"75%":6.50626324669867},"TVI":{"75%":31.5678904419581},"Vogelmann":{"75%":2.089063396088},