"Category","Raw","PCA"
"100nm_equal05",0.438805970149254,0.361194029850746
"100nm_equal10",0.2875,0.2375
"100nm_equal15",0.242666666666667,0.242666666666667
"100nm_equal20",0.208333333333333,0.175
"100nm_more05",0.255942509673853,0.228302929795467
"100nm_more10",0.232047477744807,0.205341246290801
"100nm_more15",0.18781006378455,0.187101346562721
"100nm_more20",0.137552742616034,0.136708860759494
