"Category","raw_050nm_more05","raw_050nm_more10","raw_050nm_more15","raw_050nm_more20","raw_050nm_equal05","raw_050nm_equal10","raw_050nm_equal15","raw_050nm_equal20","raw_PCA_equal05","raw_PCA_equal10","raw_PCA_equal15","raw_PCA_equal20"
"050nm_bands",0.251520176893311,0.230860534124629,0.176470588235294,0.129957805907173,0.48955223880597,0.258333333333333,0.221333333333333,0.195833333333333,NA,NA,NA,NA
"050nm_equal",NA,NA,NA,NA,NA,NA,NA,NA,0.316417910447761,0.252083333333333,0.226666666666667,0.195833333333333
