"Category","raw_005nm_more05","raw_005nm_more10","raw_005nm_more15","raw_005nm_more20","raw_005nm_equal05","raw_005nm_equal10","raw_005nm_equal15","raw_005nm_equal20","raw_PCA_equal05","raw_PCA_equal10","raw_PCA_equal15","raw_PCA_equal20"
"005nm_bands",0.257048092868988,0.225519287833828,0.17859673990078,0.124050632911392,0.453731343283582,0.252083333333333,0.234666666666667,0.1875,0.325373134328358,0.225,0.2,0.1375
