"Category","raw_010nm_more05","raw_010nm_more10","raw_010nm_more15","raw_010nm_more20","raw_010nm_equal05","raw_010nm_equal10","raw_010nm_equal15","raw_010nm_equal20","raw_PCA_equal05","raw_PCA_equal10","raw_PCA_equal15","raw_PCA_equal20"
"010nm_bands",0.255942509673853,0.232047477744807,0.17859673990078,0.131645569620253,0.42089552238806,0.2875,0.226666666666667,0.216666666666667,0.328358208955224,0.252083333333333,0.210666666666667,0.1625
