"Species","raw_PCA_more10"
"Alnus sp.",0.25
"Bryoria sp.",0.2
"Dryas alleghenies",0.121323529411765
"Dryas octopetala",0.0637254901960784
"Eriophorum vaginatum",0.2
"Flavocetraria nivalis",0.263157894736842
"Lupinus sp.",0.0833333333333334
"Nephroma arcticum",0.238095238095238
"Parmelis sulcata",0.166666666666667
"Pedicularis racemosa",0.181818181818182
"Peltigera apthosa",0.214285714285714
"Picea mariana",0.176470588235294
"Pilophorus acicularis",0.133333333333333
"Porpidia sp.",0.181818181818182
"Rhizocarpon geographicum",0
"Rosa acicularis",0.111111111111111
"Salix alaxensis",0.127659574468085
"Umbilicaria hyperborea",0.0666666666666667
"Usnea lapponica",0.0833333333333334
"Usnea scabrata",0.0833333333333334
"Vulpicida pinastri",0.0833333333333334
