"Species","raw_005nm_more15"
"Alnus sp.",0.295454545454545
"Cladonia gracilis",0.222222222222222
"Dryas alleghenies",0.150735294117647
"Dryas octopetala",0.0522875816993464
"Picea mariana",0.0588235294117647
"Pilophorus acicularis",0.0666666666666667
"Rhizocarpon geographicum",0.0555555555555556
"Rosa acicularis",0.111111111111111
"Salix alaxensis",0.127659574468085
"Umbilicaria hyperborea",0
