"smooth_all_bands","smooth_5nm","smooth_10nm","smooth_50nm","smooth_100nm","category"
0.427018633540373,0.409937888198758,0.395962732919255,0.391304347826087,0.437888198757764,"All_plants"
