"smooth_all_bands","smooth_5nm","smooth_10nm","smooth_50nm","smooth_100nm","category"
0.183229813664596,0.18167701863354,0.183229813664596,0.164596273291925,0.170807453416149,"Courser_levels"
