"all_bands","5nm","10nm","50nm","100nm","category"
0.16304347826087,0.192546583850932,0.200310559006211,0.183229813664596,0.203416149068323,"Courser_levels"
