"all_bands","5nm","10nm","50nm","100nm","category"
0.355400696864112,0.372822299651568,0.390243902439024,0.43205574912892,0.331010452961672,"Vascular"
