"smooth_all_bands","smooth_5nm","smooth_10nm","smooth_50nm","smooth_100nm","category"
0.404929577464789,0.376760563380282,0.447183098591549,0.426056338028169,0.440140845070423,"Lichen"
