"all_bands","5nm","10nm","50nm","100nm","category"
0.395962732919255,0.436335403726708,0.458074534161491,0.448757763975155,0.43944099378882,"All_plants"
