"smooth_all_bands","smooth_5nm","smooth_10nm","smooth_50nm","smooth_100nm","category"
0.291666666666667,0.361111111111111,0.416666666666667,0.277777777777778,0.291666666666667,"Bryophytes"
