"all_bands","5nm","10nm","50nm","100nm","category"
0.433098591549296,0.394366197183099,0.426056338028169,0.383802816901408,0.408450704225352,"Lichen"
