"all_bands","5nm","10nm","50nm","100nm","category"
0.277777777777778,0.333333333333333,0.305555555555556,0.291666666666667,0.291666666666667,"Bryophytes"
