"smooth_all_bands","smooth_5nm","smooth_10nm","smooth_50nm","smooth_100nm","category"
0.397212543554007,0.369337979094077,0.40418118466899,0.362369337979094,0.379790940766551,"Vascular"
