"all_bands","5nm","10nm","50nm","100nm","category"
0.419014084507042,0.334507042253521,0.380281690140845,0.461267605633803,0.426056338028169,"Lichen"
