"all_bands","5nm","10nm","50nm","100nm","category"
0.178571428571429,0.177018633540373,0.208074534161491,0.177018633540373,0.218944099378882,"Courser_levels"
