"smooth_all_bands","smooth_5nm","smooth_10nm","smooth_50nm","smooth_100nm","category"
0.383275261324042,0.397212543554007,0.428571428571429,0.379790940766551,0.358885017421603,"Vascular"
