"smooth_all_bands","smooth_5nm","smooth_10nm","smooth_50nm","smooth_100nm","category"
0.375,0.319444444444444,0.402777777777778,0.361111111111111,0.347222222222222,"Bryophytes"
