"smooth_all_bands","smooth_5nm","smooth_10nm","smooth_50nm","smooth_100nm","category"
0.416149068322981,0.40527950310559,0.394409937888199,0.414596273291925,0.445652173913043,"All_plants"
