"smooth_all_bands","smooth_5nm","smooth_10nm","smooth_50nm","smooth_100nm","category"
0.18167701863354,0.169254658385093,0.175465838509317,0.178571428571429,0.186335403726708,"Courser_levels"
