"all_bands","5nm","10nm","50nm","100nm","category"
0.390243902439024,0.383275261324042,0.383275261324042,0.390243902439024,0.369337979094077,"Vascular"
