"all_bands","5nm","10nm","50nm","100nm","category"
0.411490683229814,0.40527950310559,0.450310559006211,0.459627329192547,0.472049689440994,"All_plants"
