"all_bands","5nm","10nm","50nm","100nm","category"
0.388888888888889,0.25,0.375,0.319444444444444,0.347222222222222,"Bryophytes"
