"smooth_all_bands","smooth_5nm","smooth_10nm","smooth_50nm","smooth_100nm","category"
0.408450704225352,0.362676056338028,0.429577464788732,0.436619718309859,0.447183098591549,"Lichen"
