"all_bands","5nm","10nm","50nm","100nm","category"
0.198757763975155,0.187888198757764,0.186335403726708,0.167701863354037,0.18167701863354,"Courser_levels"
