"smooth_all_bands","smooth_5nm","smooth_10nm","smooth_50nm","smooth_100nm","category"
0.5,0.46830985915493,0.524647887323944,0.492957746478873,0.538732394366197,"Lichen"
