"all_bands","5nm","10nm","50nm","100nm","category"
0.430555555555556,0.513888888888889,0.361111111111111,0.361111111111111,0.402777777777778,"Bryophytes"
