"smooth_all_bands","smooth_5nm","smooth_10nm","smooth_50nm","smooth_100nm","category"
0.183229813664596,0.187888198757764,0.164596273291925,0.18944099378882,0.164596273291925,"Courser_levels"
