"all_bands","5nm","10nm","50nm","100nm","category"
0.506211180124224,0.489130434782609,0.481366459627329,0.461180124223602,0.482919254658385,"All_plants"
