"smooth_all_bands","smooth_5nm","smooth_10nm","smooth_50nm","smooth_100nm","category"
0.507763975155279,0.512422360248447,0.503105590062112,0.490683229813665,0.512422360248447,"All_plants"
