"all_bands","5nm","10nm","50nm","100nm","category"
0.47887323943662,0.507042253521127,0.514084507042254,0.507042253521127,0.542253521126761,"Lichen"
