"smooth_all_bands","smooth_5nm","smooth_10nm","smooth_50nm","smooth_100nm","category"
0.407665505226481,0.435540069686411,0.40418118466899,0.435540069686411,0.43205574912892,"Vascular"
