"smooth_all_bands","smooth_5nm","smooth_10nm","smooth_50nm","smooth_100nm","category"
0.416666666666667,0.388888888888889,0.430555555555556,0.388888888888889,0.402777777777778,"Bryophytes"
