"all_bands","5nm","10nm","50nm","100nm","category"
0.421602787456446,0.418118466898955,0.400696864111498,0.372822299651568,0.400696864111498,"Vascular"
