"all_bands","5nm","10nm","50nm","100nm","category"
0.184782608695652,0.184782608695652,0.186335403726708,0.173913043478261,0.201863354037267,"Courser_levels"
