"all_bands","5nm","10nm","50nm","100nm","category"
0.485915492957746,0.496478873239437,0.48943661971831,0.51056338028169,0.538732394366197,"Lichen"
