"all_bands","5nm","10nm","50nm","100nm","category"
0.407665505226481,0.390243902439024,0.418118466898955,0.393728222996516,0.397212543554007,"Vascular"
