"all_bands","5nm","10nm","50nm","100nm","category"
0.493788819875776,0.481366459627329,0.486024844720497,0.490683229813665,0.495341614906832,"All_plants"
