"smooth_all_bands","smooth_5nm","smooth_10nm","smooth_50nm","smooth_100nm","category"
0.416666666666667,0.486111111111111,0.347222222222222,0.361111111111111,0.347222222222222,"Bryophytes"
