"smooth_all_bands","smooth_5nm","smooth_10nm","smooth_50nm","smooth_100nm","category"
0.177018633540373,0.184782608695652,0.184782608695652,0.186335403726708,0.184782608695652,"Courser_levels"
