"all_bands","5nm","10nm","50nm","100nm","category"
0.430555555555556,0.458333333333333,0.486111111111111,0.416666666666667,0.444444444444444,"Bryophytes"
