"smooth_all_bands","smooth_5nm","smooth_10nm","smooth_50nm","smooth_100nm","category"
0.48943661971831,0.464788732394366,0.485915492957746,0.48943661971831,0.566901408450704,"Lichen"
