"smooth_all_bands","smooth_5nm","smooth_10nm","smooth_50nm","smooth_100nm","category"
0.425087108013937,0.400696864111498,0.383275261324042,0.421602787456446,0.43205574912892,"Vascular"
