{"abiotic":0.161566203682063,"forb":0.0106530562767545,"graminoid":0.15874091744951,"lichen":0.100911681679136,"moss":0.0664330484014473,"shrubdecid":0.275694377870546,"shrubevergreen":0.209421767063628,"treebroadleaf":0.00721176890965026,"treeconifer":0.0111498186064826,"unknown":0.000198071104357327}
