{"":0.000306156438592366,"abies":0.000306156438592366,"acer":0.000306156438592366,"alectoria":0.000306156438592366,"alnus":0.000306156438592366,"arctagrostis":0.000306156438592366,"arctocetraria":0.00315708519476448,"arctophila":0.000306156438592366,"arctostaphyllos":0.010669551884944,"arenia":0.000306156438592366,"asahinea":0.00144934458029626,"aulacomnium":0.00474236323379575,"betula":0.208981160357395,"bryoria":0.000306156438592366,"calamagrostis":0.000306156438592366,"carex":0.00197654596755232,"cassiope":0.0142870963633514,"ceratadon":0.000306156438592366,"cetraria":0.00736245003526922,"cladonia":0.0305807420252371,"dactylina":0.000699261305744964,"dicranum":0.000306156438592366,"dryas":0.0585162924210361,"dupontia":0.000306156438592366,"empetrum":0.00841868974841289,"equisetum":0.000306156438592366,"eriophorum":0.188338256328866,"evernia":0.000306156438592366,"fagus":0.000306156438592366,"flavocetraria":0.0482049435692452,"heracleum":0.000306156438592366,"hieracium":0.000306156438592366,"hylocomnium":0.000306156438592366,"hypogymnia":0.000306156438592366,"icmadophila":0.000306156438592366,"iris":0.000306156438592366,"larix":0.000306156438592366,"leaflitter":0.000306156438592366,"ledum":0.0886837232541735,"loisleuria":0.000306156438592366,"lupinus":0.000306156438592366,"masonhalea":0.00548448644094365,"melanelia":0.00715610059565797,"nephroma":0.00360284896935497,"parmelia":0.000306156438592366,"parmeliopsis":0.000306156438592366,"pedicularis":0.000306156438592366,"peltigera":0.000306156438592366,"petasites":0.000306156438592366,"picea":0.0172341582412415,"pilophorus":0.000306156438592366,"pinus":0.000306156438592366,"plagiomnium":0.000306156438592366,"pleurozium":0.00207574065365624,"polytrichum":0.000306156438592366,"populus":0.000306156438592366,"porpidia":0.000306156438592366,"prunus":0.000306156438592366,"quercus":0.000306156438592366,"racomitrium":0.000306156438592366,"rhizocarpon":0.00965678638608041,"rhus":0.000306156438592366,"rhytidium":0.000306156438592366,"rock":0.0935240565483188,"rosa":0.000306156438592366,"rubus":0.0165649002664786,"salix":0.0171276158006113,"saxifraga":0.000306156438592366,"soil":0.00657930186534995,"sphagnum":0.0331224527784309,"stereocaulon":0.00566328180108159,"thuja":0.000306156438592366,"toefeldia":0.000306156438592366,"tomenthypnum":0.000306156438592366,"trapeliopsis":0.000306156438592366,"tsuga":0.000306156438592366,"umbilicaria":0.00205124813856885,"unknown":0.000306156438592366,"usnea":0.000306156438592366,"vaccinium":0.111522993573164,"vulpicida":0.000306156438592366,"wood":0.00175121482874833}
